Wind Speed (m/s),Turbine Output
0,0
1,0
2,0
3,0.0705428
4,0.167212
5,0.326587
6,0.564342
7,0.896154
8,1.3377
9,1.90465
10,2.5
11,2.5
12,2.5
13,2.5
14,2.5
15,2.5
16,2.5
17,2.5
18,2.5
19,0
20,0
21,0
22,0
23,0
24,0
25,0
